cenario,periodo,faturamento_projetado,media_diaria_projetada,dias_projetados
Efetivado,"Ano Novo e primeiros dias
01/01 a 07/01",11783.8,11783.8,7
Efetivado,"Antes do Natal
15/12 a 24/12",15001.833333333334,15001.833333333334,10
Efetivado,"Entre Natal e Ano Novo
26/12 a 31/12",7030.8,7030.8,6
Efetivado + Pendente,"Ano Novo e primeiros dias
01/01 a 07/01",11783.8,11783.8,7
Efetivado + Pendente,"Antes do Natal
15/12 a 24/12",15001.833333333334,15001.833333333334,10
Efetivado + Pendente,"Entre Natal e Ano Novo
26/12 a 31/12",7030.8,7030.8,6
