data,faturamento_efetivado,faturamento_pendente,qtd_vendas_efetivadas,qtd_vendas_pendentes
2026-08-01,1815.0,0.0,12,0
2026-08-02,265.0,0.0,2,0
2026-08-04,1986.0,0.0,11,0
2026-08-05,2876.0,0.0,10,0
2026-08-06,1682.0,0.0,8,0
2026-08-07,1119.0,0.0,7,0
2026-08-08,800.0,0.0,8,0
2026-08-09,36.0,0.0,2,0
2026-08-11,3783.0,0.0,14,0
2026-08-12,3655.0,0.0,14,0
2026-08-13,2050.0,0.0,15,0
2026-08-14,1270.0,0.0,8,0
2026-08-15,1637.0,0.0,8,0
2026-08-16,284.0,0.0,4,0
2026-08-18,1723.0,0.0,8,0
2026-08-19,3586.0,0.0,15,0
2026-08-20,2790.0,0.0,12,0
2026-08-21,3022.0,0.0,11,0
2026-08-22,874.0,0.0,6,0
2026-08-23,191.0,0.0,0,0
2026-08-25,2324.0,0.0,15,0
2026-08-26,5137.0,0.0,16,0
2026-08-27,1671.0,0.0,12,0
2026-08-28,1545.0,0.0,7,0
2026-08-29,1722.0,0.0,8,0
2026-08-30,31.0,0.0,0,0
2026-09-01,2022.0,0.0,10,0
2026-09-02,4617.0,0.0,16,0
2026-09-03,1748.0,0.0,13,0
2026-09-04,1518.0,0.0,8,0
2026-09-05,1168.0,0.0,8,0
2026-09-06,140.0,0.0,0,0
2026-09-08,4134.0,0.0,15,0
2026-09-09,3167.0,0.0,15,0
2026-09-10,1915.0,0.0,10,0
2026-09-11,1130.0,0.0,6,0
2026-09-12,1211.0,0.0,8,0
2026-09-13,289.0,0.0,3,0
2026-09-15,2662.0,0.0,11,0
2026-09-16,5526.0,0.0,19,0
2026-09-17,2202.0,0.0,11,0
2026-09-18,1491.0,0.0,8,0
2026-09-19,1362.0,0.0,8,0
2026-09-20,141.0,0.0,1,0
2026-09-22,3253.0,0.0,14,0
2026-09-23,4027.0,0.0,10,0
2026-09-24,1986.0,0.0,10,0
2026-09-25,440.0,0.0,3,0
2026-09-26,1107.0,0.0,8,0
2026-09-27,55.0,0.0,0,0
2026-09-29,1712.0,0.0,10,0
2026-09-30,5543.0,0.0,18,0
2026-10-01,2049.0,0.0,12,0
2026-10-02,1898.0,0.0,11,0
2026-10-03,1503.0,0.0,8,0
2026-10-04,161.0,0.0,1,0
2026-10-06,3130.0,0.0,16,0
2026-10-07,4956.0,0.0,14,0
2026-10-08,1523.0,0.0,9,0
2026-10-09,1975.0,0.0,10,0
2026-10-10,872.0,0.0,9,0
2026-10-11,276.0,0.0,2,0
2026-10-13,1904.0,0.0,11,0
2026-10-14,5663.0,0.0,16,0
2026-10-15,2137.0,0.0,10,0
2026-10-16,1769.0,0.0,10,0
2026-10-17,1691.0,0.0,8,0
2026-10-20,2384.0,0.0,16,0
2026-10-21,3298.0,0.0,12,0
2026-10-22,2596.0,0.0,14,0
2026-10-23,1693.0,0.0,8,0
2026-10-24,1208.0,0.0,4,0
2026-10-25,107.0,0.0,2,0
2026-10-27,2346.0,0.0,8,0
2026-10-28,2794.0,0.0,10,0
2026-10-29,2393.0,0.0,10,0
2026-10-30,2162.0,0.0,8,0
2026-10-31,1992.0,0.0,8,0
2026-11-01,371.0,0.0,2,0
2026-11-03,3068.0,0.0,10,0
2026-11-04,3902.0,0.0,18,0
2026-11-05,2693.0,0.0,14,0
2026-11-06,2411.0,0.0,6,0
2026-11-07,2076.0,0.0,10,0
2026-11-08,86.0,0.0,2,0
2026-11-10,2803.0,0.0,12,0
2026-11-11,5513.0,0.0,14,0
2026-11-12,1954.0,0.0,8,0
2026-11-13,3833.0,0.0,9,0
2026-11-14,958.0,0.0,6,0
2026-11-17,2001.0,0.0,9,0
2026-11-18,3007.0,0.0,17,0
2026-11-19,600.0,0.0,6,0
2026-11-20,14.0,0.0,0,0
2026-11-21,2765.0,0.0,8,0
2026-11-22,103.0,0.0,1,0
2026-11-24,2059.0,0.0,8,0
2026-11-25,3582.0,0.0,12,0
2026-11-26,2116.0,0.0,10,0
2026-11-27,2189.0,0.0,10,0
2026-11-28,806.0,0.0,4,0
2026-11-29,32.0,0.0,1,0
2026-12-01,2232.0,0.0,12,0
2026-12-02,3661.0,0.0,11,0
2026-12-03,1816.0,0.0,10,0
2026-12-04,1568.0,0.0,8,0
2026-12-05,1403.0,0.0,6,0
2026-12-06,226.0,0.0,2,0
2026-12-08,4019.0,0.0,13,0
2026-12-09,7455.0,0.0,18,0
2026-12-10,124.0,0.0,1,0
2026-12-13,3315.0,0.0,8,0
2026-12-15,1991.0,0.0,10,0
2026-12-16,2933.0,0.0,16,0
2026-12-17,2629.0,0.0,10,0
2026-12-18,1046.0,0.0,4,0
2026-12-19,1165.0,0.0,6,0
2026-12-20,100.0,0.0,2,0
2026-12-22,2315.0,0.0,11,0
2026-12-23,4841.0,0.0,20,0
2026-12-24,1856.0,0.0,12,0
2026-12-26,1418.0,0.0,7,0
2026-12-27,15.0,0.0,1,0
2026-12-29,1103.0,0.0,8,0
2026-12-30,3183.0,0.0,12,0
2026-12-31,140.0,0.0,2,0
2027-01-02,144.0,0.0,2,0
2027-01-03,42.0,0.0,0,0
2027-01-05,1768.0,0.0,8,0
2027-01-06,2891.0,0.0,12,0
2027-01-07,3572.0,0.0,9,0
2027-01-08,2457.0,0.0,10,0
2027-01-09,1336.0,0.0,7,0
2027-01-10,28.0,0.0,1,0
2027-01-12,1599.0,0.0,10,0
2027-01-13,4513.0,0.0,16,0
2027-01-14,3273.0,0.0,10,0
2027-01-15,2436.0,0.0,8,0
2027-01-16,2060.0,0.0,6,0
2027-01-17,271.0,0.0,0,0
2027-01-19,1347.0,0.0,5,0
2027-01-20,4840.0,0.0,14,0
2027-01-21,2773.0,0.0,10,0
2027-01-22,2209.0,0.0,6,0
2027-01-23,2068.0,0.0,6,0
2027-01-24,3.0,0.0,0,0
2027-01-26,1361.0,0.0,5,0
2027-01-27,4822.0,0.0,14,0
2027-01-28,1703.0,0.0,7,0
2027-01-29,2705.0,0.0,9,0
2027-01-30,749.0,0.0,6,0
2027-02-02,1518.0,0.0,8,0
2027-02-03,4199.0,0.0,13,0
2027-02-04,2389.0,0.0,7,0
2027-02-05,474.0,0.0,4,0
2027-02-06,3279.0,0.0,8,0
2027-02-07,96.0,0.0,3,0
2027-02-09,1834.0,0.0,10,0
2027-02-10,3680.0,0.0,16,0
2027-02-11,1207.0,0.0,6,0
2027-02-12,960.0,0.0,7,0
2027-02-13,1616.0,0.0,8,0
2027-02-16,1587.0,0.0,4,0
2027-02-17,184.0,0.0,1,0
2027-02-18,3240.0,0.0,11,0
2027-02-19,1438.0,0.0,8,0
2027-02-20,1573.0,0.0,6,0
2027-02-21,70.0,0.0,2,0
2027-02-23,2045.0,0.0,10,0
2027-02-24,4346.0,0.0,14,0
2027-02-25,1136.0,0.0,6,0
2027-02-26,2045.0,0.0,6,0
2027-02-27,1610.0,0.0,12,0
2027-02-28,94.0,0.0,1,0
2027-03-02,3081.0,0.0,10,0
2027-03-03,3659.0,0.0,12,0
2027-03-04,759.0,0.0,4,0
2027-03-05,765.0,0.0,8,0
2027-03-06,1515.0,0.0,5,0
2027-03-09,1769.0,0.0,8,0
2027-03-10,3273.0,0.0,12,0
2027-03-11,1904.0,0.0,10,0
2027-03-12,1123.0,0.0,3,0
2027-03-13,782.0,0.0,6,0
2027-03-16,2971.0,0.0,14,0
2027-03-17,4293.0,0.0,14,0
2027-03-18,1777.0,0.0,7,0
2027-03-19,2320.0,0.0,6,0
2027-03-20,418.0,0.0,4,0
2027-03-23,2803.0,0.0,12,0
2027-03-24,3995.0,0.0,15,0
2027-03-25,1514.0,0.0,8,0
2027-03-26,3189.0,0.0,9,0
2027-03-27,710.0,0.0,8,0
2027-03-30,2106.0,0.0,10,0
2027-03-31,2695.0,0.0,9,0
2027-04-01,1717.0,0.0,6,0
2027-04-02,1799.0,0.0,7,0
2027-04-06,2402.0,0.0,11,0
2027-04-07,2833.0,0.0,14,0
2027-04-08,2109.0,0.0,7,0
2027-04-09,1791.0,0.0,10,0
2027-04-10,2673.0,0.0,8,0
2027-04-13,1283.0,0.0,10,0
2027-04-14,4956.0,0.0,12,0
2027-04-15,1472.0,0.0,8,0
2027-04-16,1242.0,0.0,6,0
2027-04-17,1026.0,0.0,5,0
2027-04-20,1296.0,0.0,4,0
2027-04-21,467.0,0.0,2,0
2027-04-22,2849.0,0.0,10,0
2027-04-23,1438.0,0.0,5,0
2027-04-24,2383.0,0.0,10,0
2027-04-27,1458.0,0.0,8,0
2027-04-28,4366.0,0.0,11,0
2027-04-29,1827.0,0.0,8,0
2027-04-30,1451.0,0.0,8,0
2027-05-01,64.0,0.0,2,0
2027-05-04,2460.0,0.0,12,0
2027-05-05,2374.0,0.0,9,0
2027-05-06,3425.0,0.0,10,0
2027-05-07,2121.0,0.0,10,0
2027-05-08,1831.0,0.0,8,0
2027-05-11,2527.0,0.0,12,0
2027-05-12,3790.0,0.0,12,0
2027-05-13,1503.0,0.0,10,0
2027-05-14,1210.0,0.0,8,0
2027-05-15,686.0,0.0,5,0
2027-05-18,3329.0,0.0,11,0
2027-05-19,3595.0,0.0,12,0
2027-05-20,2047.0,0.0,8,0
2027-05-21,1778.0,0.0,8,0
2027-05-22,944.0,0.0,7,0
2027-05-25,2095.0,0.0,8,0
2027-05-26,3085.0,0.0,12,0
2027-05-27,2700.0,0.0,10,0
2027-05-28,2175.0,0.0,8,0
2027-05-29,1340.0,0.0,6,0
2027-06-01,1965.0,0.0,10,0
2027-06-02,3584.0,0.0,12,0
2027-06-03,1174.0,0.0,8,0
2027-06-04,43.0,0.0,1,0
2027-06-05,331.0,0.0,2,0
2027-06-08,3967.0,0.0,12,0
2027-06-09,3414.0,0.0,13,0
2027-06-10,1508.0,0.0,6,0
2027-06-11,1195.0,0.0,6,0
2027-06-12,873.0,0.0,5,0
2027-06-15,2042.0,0.0,10,0
2027-06-16,2813.0,0.0,12,0
2027-06-17,2204.0,0.0,8,0
2027-06-18,2363.0,0.0,8,0
2027-06-19,411.0,0.0,4,0
2027-06-22,2671.0,0.0,11,0
2027-06-23,4343.0,0.0,13,0
2027-06-24,1208.0,0.0,6,0
2027-06-25,2053.0,0.0,8,0
2027-06-26,1430.0,0.0,6,0
2027-06-29,797.0,0.0,5,0
2027-06-30,4062.0,0.0,14,0
2027-07-01,3338.0,0.0,12,0
2027-07-02,1507.0,0.0,6,0
2027-07-03,953.0,0.0,4,0
2027-07-06,1139.0,0.0,6,0
2027-07-07,1609.0,0.0,4,0
2027-07-08,2208.0,0.0,10,0
2027-07-09,93.0,0.0,0,0
2027-07-10,637.0,0.0,4,0
2027-07-13,1912.0,0.0,4,0
2027-07-14,2112.0,0.0,8,0
2027-07-15,1414.0,0.0,8,0
2027-07-16,1824.0,0.0,6,0
2027-07-17,1122.0,0.0,4,0
2027-07-20,2339.0,0.0,9,0
2027-07-21,3780.0,0.0,8,0
2027-07-22,2841.0,0.0,8,0
2027-07-23,911.0,0.0,4,0
2027-07-24,840.0,0.0,4,0
2027-07-27,2034.0,0.0,8,0
2027-07-28,3623.0,0.0,14,0
2027-07-29,1434.0,0.0,6,0
2027-07-30,1016.0,0.0,6,0
2027-07-31,914.0,0.0,3,0
2027-08-03,2138.0,0.0,8,0
2027-08-04,4453.0,0.0,12,0
2027-08-05,2178.0,0.0,8,0
2027-08-06,1101.0,0.0,5,0
2027-08-07,1728.0,0.0,8,0
2027-08-10,1928.0,0.0,6,0
2027-08-11,2391.0,0.0,10,0
2027-08-12,2155.0,0.0,4,0
2027-08-13,2101.0,0.0,6,0
2027-08-14,771.0,0.0,4,0
2027-08-17,2370.0,0.0,10,0
2027-08-18,5693.0,0.0,15,0
2027-08-19,1910.0,0.0,7,0
2027-08-20,2113.0,0.0,7,0
2027-08-21,666.0,0.0,6,0
2027-08-24,2152.0,0.0,10,0
2027-08-25,4801.0,0.0,12,0
2027-08-26,791.0,0.0,6,0
2027-08-27,2488.0,0.0,4,0
2027-08-28,927.0,0.0,7,0
2027-08-31,2046.0,0.0,8,0
2027-09-01,3156.0,0.0,12,0
2027-09-02,3533.0,0.0,9,0
2027-09-03,1470.0,0.0,6,0
2027-09-04,1383.0,0.0,5,0
2027-09-07,127.0,0.0,1,0
2027-09-08,5240.0,0.0,14,0
2027-09-09,1404.0,0.0,6,0
2027-09-10,1057.0,0.0,2,0
2027-09-11,903.0,0.0,3,0
2027-09-14,1449.0,0.0,4,0
2027-09-15,3087.0,0.0,11,0
2027-09-16,458.0,0.0,4,0
