data,indice_vendas_efetivadas,indice_vendas_com_pendente
2026-08-01,90.0,90.0
2026-08-02,13.1,13.1
2026-08-04,98.5,98.5
2026-08-05,142.6,142.6
2026-08-06,83.4,83.4
2026-08-07,55.4,55.4
2026-08-08,39.6,39.6
2026-08-09,1.8,1.8
2026-08-11,187.5,187.5
2026-08-12,181.1,181.1
2026-08-13,101.6,101.6
2026-08-14,62.9,62.9
2026-08-15,81.1,81.1
2026-08-16,14.1,14.1
2026-08-18,85.4,85.4
2026-08-19,177.7,177.7
2026-08-20,138.3,138.3
2026-08-21,149.8,149.8
2026-08-22,43.3,43.3
2026-08-23,9.5,9.5
2026-08-25,115.2,115.2
2026-08-26,254.6,254.6
2026-08-27,82.8,82.8
2026-08-28,76.6,76.6
2026-08-29,85.4,85.4
2026-08-30,1.5,1.5
2026-09-01,100.2,100.2
2026-09-02,228.8,228.8
2026-09-03,86.6,86.6
2026-09-04,75.2,75.2
2026-09-05,57.9,57.9
2026-09-06,6.9,6.9
2026-09-08,204.9,204.9
2026-09-09,157.0,157.0
2026-09-10,94.9,94.9
2026-09-11,56.0,56.0
2026-09-12,60.0,60.0
2026-09-13,14.3,14.3
2026-09-15,131.9,131.9
2026-09-16,273.9,273.9
2026-09-17,109.1,109.1
2026-09-18,73.9,73.9
2026-09-19,67.5,67.5
2026-09-20,7.0,7.0
2026-09-22,161.2,161.2
2026-09-23,199.6,199.6
2026-09-24,98.5,98.5
2026-09-25,21.8,21.8
2026-09-26,54.9,54.9
2026-09-27,2.7,2.7
2026-09-29,84.9,84.9
2026-09-30,274.7,274.7
2026-10-01,101.6,101.6
2026-10-02,94.1,94.1
2026-10-03,74.5,74.5
2026-10-04,8.0,8.0
2026-10-06,155.1,155.1
2026-10-07,245.6,245.6
2026-10-08,75.5,75.5
2026-10-09,97.9,97.9
2026-10-10,43.2,43.2
2026-10-11,13.7,13.7
2026-10-13,94.4,94.4
2026-10-14,280.7,280.7
2026-10-15,105.9,105.9
2026-10-16,87.7,87.7
2026-10-17,83.8,83.8
2026-10-20,118.2,118.2
2026-10-21,163.5,163.5
2026-10-22,128.7,128.7
2026-10-23,83.9,83.9
2026-10-24,59.9,59.9
2026-10-25,5.3,5.3
2026-10-27,116.3,116.3
2026-10-28,138.5,138.5
2026-10-29,118.6,118.6
2026-10-30,107.1,107.1
2026-10-31,98.7,98.7
2026-11-01,18.4,18.4
2026-11-03,152.1,152.1
2026-11-04,193.4,193.4
2026-11-05,133.5,133.5
2026-11-06,119.5,119.5
2026-11-07,102.9,102.9
2026-11-08,4.2,4.2
2026-11-10,138.9,138.9
2026-11-11,273.2,273.2
2026-11-12,96.8,96.8
2026-11-13,190.0,190.0
2026-11-14,47.5,47.5
2026-11-17,99.2,99.2
2026-11-18,149.0,149.0
2026-11-19,29.8,29.8
2026-11-20,0.7,0.7
2026-11-21,137.0,137.0
2026-11-22,5.1,5.1
2026-11-24,102.0,102.0
2026-11-25,177.5,177.5
2026-11-26,104.9,104.9
2026-11-27,108.5,108.5
2026-11-28,39.9,39.9
2026-11-29,1.6,1.6
2026-12-01,110.6,110.6
2026-12-02,181.5,181.5
2026-12-03,90.0,90.0
2026-12-04,77.7,77.7
2026-12-05,69.6,69.6
2026-12-06,11.2,11.2
2026-12-08,199.2,199.2
2026-12-09,369.5,369.5
2026-12-10,6.1,6.1
2026-12-13,164.3,164.3
2026-12-15,98.7,98.7
2026-12-16,145.3,145.3
2026-12-17,130.3,130.3
2026-12-18,51.9,51.9
2026-12-19,57.8,57.8
2026-12-20,4.9,4.9
2026-12-22,114.7,114.7
2026-12-23,239.9,239.9
2026-12-24,92.0,92.0
2026-12-26,70.3,70.3
2026-12-27,0.7,0.7
2026-12-29,54.6,54.6
2026-12-30,157.7,157.7
2026-12-31,6.9,6.9
2027-01-02,7.1,7.1
2027-01-03,2.1,2.1
2027-01-05,87.6,87.6
2027-01-06,143.3,143.3
2027-01-07,177.1,177.1
2027-01-08,121.8,121.8
2027-01-09,66.2,66.2
2027-01-10,1.4,1.4
2027-01-12,79.2,79.2
2027-01-13,223.7,223.7
2027-01-14,162.2,162.2
2027-01-15,120.7,120.7
2027-01-16,102.1,102.1
2027-01-17,13.4,13.4
2027-01-19,66.8,66.8
2027-01-20,239.9,239.9
2027-01-21,137.4,137.4
2027-01-22,109.5,109.5
2027-01-23,102.5,102.5
2027-01-24,0.2,0.2
2027-01-26,67.5,67.5
2027-01-27,239.0,239.0
2027-01-28,84.4,84.4
2027-01-29,134.1,134.1
2027-01-30,37.1,37.1
2027-02-02,75.2,75.2
2027-02-03,208.1,208.1
2027-02-04,118.4,118.4
2027-02-05,23.5,23.5
2027-02-06,162.5,162.5
2027-02-07,4.8,4.8
2027-02-09,90.9,90.9
2027-02-10,182.4,182.4
2027-02-11,59.8,59.8
2027-02-12,47.6,47.6
2027-02-13,80.1,80.1
2027-02-16,78.6,78.6
2027-02-17,9.1,9.1
2027-02-18,160.6,160.6
2027-02-19,71.3,71.3
2027-02-20,78.0,78.0
2027-02-21,3.5,3.5
2027-02-23,101.4,101.4
2027-02-24,215.4,215.4
2027-02-25,56.3,56.3
2027-02-26,101.4,101.4
2027-02-27,79.8,79.8
2027-02-28,4.6,4.6
2027-03-02,152.7,152.7
2027-03-03,181.3,181.3
2027-03-04,37.6,37.6
2027-03-05,37.9,37.9
2027-03-06,75.1,75.1
2027-03-09,87.7,87.7
2027-03-10,162.2,162.2
2027-03-11,94.4,94.4
2027-03-12,55.7,55.7
2027-03-13,38.8,38.8
2027-03-16,147.2,147.2
2027-03-17,212.8,212.8
2027-03-18,88.1,88.1
2027-03-19,115.0,115.0
2027-03-20,20.7,20.7
2027-03-23,138.9,138.9
2027-03-24,198.0,198.0
2027-03-25,75.0,75.0
2027-03-26,158.1,158.1
2027-03-27,35.2,35.2
2027-03-30,104.4,104.4
2027-03-31,133.6,133.6
2027-04-01,85.1,85.1
2027-04-02,89.2,89.2
2027-04-06,119.0,119.0
2027-04-07,140.4,140.4
2027-04-08,104.5,104.5
2027-04-09,88.8,88.8
2027-04-10,132.5,132.5
2027-04-13,63.6,63.6
2027-04-14,245.7,245.7
2027-04-15,72.9,72.9
2027-04-16,61.6,61.6
2027-04-17,50.9,50.9
2027-04-20,64.3,64.3
2027-04-21,23.1,23.1
2027-04-22,141.2,141.2
2027-04-23,71.3,71.3
2027-04-24,118.1,118.1
2027-04-27,72.3,72.3
2027-04-28,216.4,216.4
2027-04-29,90.6,90.6
2027-04-30,71.9,71.9
2027-05-01,3.2,3.2
2027-05-04,121.9,121.9
2027-05-05,117.6,117.6
2027-05-06,169.8,169.8
2027-05-07,105.1,105.1
2027-05-08,90.7,90.7
2027-05-11,125.3,125.3
2027-05-12,187.8,187.8
2027-05-13,74.5,74.5
2027-05-14,60.0,60.0
2027-05-15,34.0,34.0
2027-05-18,165.0,165.0
2027-05-19,178.2,178.2
2027-05-20,101.4,101.4
2027-05-21,88.1,88.1
2027-05-22,46.8,46.8
2027-05-25,103.8,103.8
2027-05-26,152.9,152.9
2027-05-27,133.8,133.8
2027-05-28,107.8,107.8
2027-05-29,66.4,66.4
2027-06-01,97.4,97.4
2027-06-02,177.6,177.6
2027-06-03,58.2,58.2
2027-06-04,2.1,2.1
2027-06-05,16.4,16.4
2027-06-08,196.6,196.6
2027-06-09,169.2,169.2
2027-06-10,74.8,74.8
2027-06-11,59.2,59.2
2027-06-12,43.3,43.3
2027-06-15,101.2,101.2
2027-06-16,139.4,139.4
2027-06-17,109.3,109.3
2027-06-18,117.1,117.1
2027-06-19,20.4,20.4
2027-06-22,132.4,132.4
2027-06-23,215.2,215.2
2027-06-24,59.9,59.9
2027-06-25,101.8,101.8
2027-06-26,70.9,70.9
2027-06-29,39.5,39.5
2027-06-30,201.3,201.3
2027-07-01,165.4,165.4
2027-07-02,74.7,74.7
2027-07-03,47.2,47.2
2027-07-06,56.4,56.4
2027-07-07,79.8,79.8
2027-07-08,109.4,109.4
2027-07-09,4.6,4.6
2027-07-10,31.6,31.6
2027-07-13,94.8,94.8
2027-07-14,104.7,104.7
2027-07-15,70.1,70.1
2027-07-16,90.4,90.4
2027-07-17,55.6,55.6
2027-07-20,115.9,115.9
2027-07-21,187.3,187.3
2027-07-22,140.8,140.8
2027-07-23,45.2,45.2
2027-07-24,41.6,41.6
2027-07-27,100.8,100.8
2027-07-28,179.6,179.6
2027-07-29,71.1,71.1
2027-07-30,50.4,50.4
2027-07-31,45.3,45.3
2027-08-03,105.9,105.9
2027-08-04,220.7,220.7
2027-08-05,107.9,107.9
2027-08-06,54.6,54.6
2027-08-07,85.7,85.7
2027-08-10,95.6,95.6
2027-08-11,118.5,118.5
2027-08-12,106.8,106.8
2027-08-13,104.1,104.1
2027-08-14,38.2,38.2
2027-08-17,117.5,117.5
2027-08-18,282.2,282.2
2027-08-19,94.7,94.7
2027-08-20,104.7,104.7
2027-08-21,33.0,33.0
2027-08-24,106.6,106.6
2027-08-25,237.9,237.9
2027-08-26,39.2,39.2
2027-08-27,123.3,123.3
2027-08-28,45.9,45.9
2027-08-31,101.4,101.4
2027-09-01,156.4,156.4
2027-09-02,175.1,175.1
2027-09-03,72.8,72.8
2027-09-04,68.5,68.5
2027-09-07,6.3,6.3
2027-09-08,259.7,259.7
2027-09-09,69.6,69.6
2027-09-10,52.4,52.4
2027-09-11,44.7,44.7
2027-09-14,71.8,71.8
2027-09-15,153.0,153.0
2027-09-16,22.7,22.7
